{
	"format_version": "1.8.0",
	"animations": {
		"animation.maga_totem.idle": {
			"animation_length": 0.1667,
			"bones": {
				"lDleg": {
					"rotation": {
						"vector": [22, 0, 0]
					}
				},
				"lUleg": {
					"rotation": {
						"vector": [-5.35451, 15.21195, 1.08951]
					}
				},
				"Head": {
					"rotation": {
						"vector": [-9.44155, 13.67309, -1.16399]
					}
				},
				"lUArm": {
					"rotation": {
						"vector": [-123.5357, 12.49548, -35.86854]
					}
				},
				"rDArm": {
					"rotation": {
						"vector": [-8.09313, 3.33737, 44.76384]
					}
				},
				"lDArm": {
					"rotation": {
						"vector": [7.76214, 0.53865, -2.87431]
					}
				},
				"rUArm": {
					"rotation": {
						"vector": [0, 0, -22.5]
					}
				}
			}
		},
		"animation.maga_totem.dance": {
			"loop": true,
			"animation_length": 6.125,
			"bones": {
				"lDleg": {
					"rotation": {
						"0.0": {
							"vector": [22, 0, 0]
						},
						"0.0417": {
							"vector": [22, 0, 0]
						},
						"0.0833": {
							"vector": [22, 0, 0]
						},
						"0.125": {
							"vector": [22, 0, 0]
						},
						"1.0": {
							"vector": [20.64949, -2.96086, 5.21272]
						},
						"1.0417": {
							"vector": [20.64949, -2.96086, 5.21272]
						},
						"1.0833": {
							"vector": [20.64949, -2.96086, 5.21272]
						},
						"1.125": {
							"vector": [20.64949, -2.96086, 5.21272]
						},
						"2.0": {
							"vector": [22.61429, -2.3931, -1.22057]
						},
						"2.0417": {
							"vector": [22.61429, -2.3931, -1.22057]
						},
						"2.0833": {
							"vector": [22.61429, -2.3931, -1.22057]
						},
						"2.125": {
							"vector": [22.61429, -2.3931, -1.22057]
						},
						"3.0": {
							"vector": [95.14056, -8.87365, 18.83711]
						},
						"3.0417": {
							"vector": [95.14056, -8.87365, 18.83711]
						},
						"3.0833": {
							"vector": [95.14056, -8.87365, 18.83711]
						},
						"3.125": {
							"vector": [95.14056, -8.87365, 18.83711]
						},
						"4.0": {
							"vector": [1.61916, 23.70972, -2.73786]
						},
						"4.0417": {
							"vector": [1.61916, 23.70972, -2.73786]
						},
						"4.0833": {
							"vector": [1.61916, 23.70972, -2.73786]
						},
						"4.125": {
							"vector": [1.61916, 23.70972, -2.73786]
						},
						"5.0": {
							"vector": [33.44788, -19.96502, -16.43855]
						},
						"5.0417": {
							"vector": [33.44788, -19.96502, -16.43855]
						},
						"5.0833": {
							"vector": [33.44788, -19.96502, -16.43855]
						},
						"5.125": {
							"vector": [33.44788, -19.96502, -16.43855]
						},
						"6.0": {
							"vector": [22, 0, 0]
						},
						"6.0417": {
							"vector": [22, 0, 0]
						},
						"6.0833": {
							"vector": [22, 0, 0]
						},
						"6.125": {
							"vector": [22, 0, 0]
						}
					}
				},
				"lUleg": {
					"rotation": {
						"0.0": {
							"vector": [-5.35451, 15.21195, 1.08951]
						},
						"0.0417": {
							"vector": [-5.35451, 15.21195, 1.08951]
						},
						"0.0833": {
							"vector": [-5.35451, 15.21195, 1.08951]
						},
						"0.125": {
							"vector": [-5.35451, 15.21195, 1.08951]
						},
						"2.0": {
							"vector": [-29.88587, 14.17162, -12.75533]
						},
						"2.0417": {
							"vector": [-29.88587, 14.17162, -12.75533]
						},
						"2.0833": {
							"vector": [-29.88587, 14.17162, -12.75533]
						},
						"2.125": {
							"vector": [-29.88587, 14.17162, -12.75533]
						},
						"3.0": {
							"vector": [-56.37717, 6.94736, -17.70516]
						},
						"3.0417": {
							"vector": [-56.37717, 6.94736, -17.70516]
						},
						"3.0833": {
							"vector": [-56.37717, 6.94736, -17.70516]
						},
						"3.125": {
							"vector": [-56.37717, 6.94736, -17.70516]
						},
						"4.0": {
							"vector": [-5.94931, 21.29901, -28.40781]
						},
						"4.0417": {
							"vector": [-5.94931, 21.29901, -28.40781]
						},
						"4.0833": {
							"vector": [-5.94931, 21.29901, -28.40781]
						},
						"4.125": {
							"vector": [-5.94931, 21.29901, -28.40781]
						},
						"5.0": {
							"vector": [-41.22916, 20.98661, -1.99725]
						},
						"5.0417": {
							"vector": [-41.22916, 20.98661, -1.99725]
						},
						"5.0833": {
							"vector": [-41.22916, 20.98661, -1.99725]
						},
						"5.125": {
							"vector": [-41.22916, 20.98661, -1.99725]
						},
						"6.0": {
							"vector": [-5.35451, 15.21195, 1.08951]
						},
						"6.0417": {
							"vector": [-5.35451, 15.21195, 1.08951]
						},
						"6.0833": {
							"vector": [-5.35451, 15.21195, 1.08951]
						},
						"6.125": {
							"vector": [-5.35451, 15.21195, 1.08951]
						}
					}
				},
				"rDleg": {
					"rotation": {
						"0.0": {
							"vector": [0, 0, 0]
						},
						"0.0417": {
							"vector": [0, 0, 0]
						},
						"0.0833": {
							"vector": [0, 0, 0]
						},
						"0.125": {
							"vector": [0, 0, 0]
						},
						"1.0": {
							"vector": [69.40518, 10.58166, -1.48702]
						},
						"1.0417": {
							"vector": [69.40518, 10.58166, -1.48702]
						},
						"1.0833": {
							"vector": [69.40518, 10.58166, -1.48702]
						},
						"1.125": {
							"vector": [69.40518, 10.58166, -1.48702]
						},
						"2.0": {
							"vector": [-3.66201, 36.01651, -11.23272]
						},
						"2.0417": {
							"vector": [-3.66201, 36.01651, -11.23272]
						},
						"2.0833": {
							"vector": [-3.66201, 36.01651, -11.23272]
						},
						"2.125": {
							"vector": [-3.66201, 36.01651, -11.23272]
						},
						"3.0": {
							"vector": [47.65547, 44.7279, 20.2707]
						},
						"3.0417": {
							"vector": [47.65547, 44.7279, 20.2707]
						},
						"3.0833": {
							"vector": [47.65547, 44.7279, 20.2707]
						},
						"3.125": {
							"vector": [47.65547, 44.7279, 20.2707]
						},
						"4.0": {
							"vector": [42.33942, 19.05733, 13.8843]
						},
						"4.0417": {
							"vector": [42.33942, 19.05733, 13.8843]
						},
						"4.0833": {
							"vector": [42.33942, 19.05733, 13.8843]
						},
						"4.125": {
							"vector": [42.33942, 19.05733, 13.8843]
						},
						"5.0": {
							"vector": [72.07907, -28.24903, -27.76487]
						},
						"5.0417": {
							"vector": [72.07907, -28.24903, -27.76487]
						},
						"5.0833": {
							"vector": [72.07907, -28.24903, -27.76487]
						},
						"5.125": {
							"vector": [72.07907, -28.24903, -27.76487]
						},
						"6.0": {
							"vector": [0, 0, 0]
						},
						"6.0417": {
							"vector": [0, 0, 0]
						},
						"6.0833": {
							"vector": [0, 0, 0]
						},
						"6.125": {
							"vector": [0, 0, 0]
						}
					}
				},
				"rUleg": {
					"rotation": {
						"0.0": {
							"vector": [0, 0, 0]
						},
						"0.0417": {
							"vector": [0, 0, 0]
						},
						"0.0833": {
							"vector": [0, 0, 0]
						},
						"0.125": {
							"vector": [0, 0, 0]
						},
						"1.0": {
							"vector": [-17.77675, -3.77145, -1.2026]
						},
						"1.0417": {
							"vector": [-17.77675, -3.77145, -1.2026]
						},
						"1.0833": {
							"vector": [-17.77675, -3.77145, -1.2026]
						},
						"1.125": {
							"vector": [-17.77675, -3.77145, -1.2026]
						},
						"2.0": {
							"vector": [7.65468, -2.33202, 16.84397]
						},
						"2.0417": {
							"vector": [7.65468, -2.33202, 16.84397]
						},
						"2.0833": {
							"vector": [7.65468, -2.33202, 16.84397]
						},
						"2.125": {
							"vector": [7.65468, -2.33202, 16.84397]
						},
						"3.0": {
							"vector": [18.66765, 0.98686, -16.78576]
						},
						"3.0417": {
							"vector": [18.66765, 0.98686, -16.78576]
						},
						"3.0833": {
							"vector": [18.66765, 0.98686, -16.78576]
						},
						"3.125": {
							"vector": [18.66765, 0.98686, -16.78576]
						},
						"4.0": {
							"vector": [-36.40107, -6.14505, 9.95606]
						},
						"4.0417": {
							"vector": [-36.40107, -6.14505, 9.95606]
						},
						"4.0833": {
							"vector": [-36.40107, -6.14505, 9.95606]
						},